run_id,session_id,family_id,variant_id,label,mode,sample_count,evidence_directory_bytes,cpu_load_percent_median,cpu_load_percent_iqr,cpu_load_percent_maximum,memory_used_mb_median,memory_used_mb_iqr,memory_used_mb_maximum,disk_bytes_per_sec_median,disk_bytes_per_sec_iqr,disk_bytes_per_sec_maximum,network_bytes_per_sec_median,network_bytes_per_sec_iqr,network_bytes_per_sec_maximum,free_system_disk_mb_median,free_system_disk_mb_iqr,free_system_disk_mb_maximum,monitored_process_cpu_percent_median,monitored_process_cpu_percent_iqr,monitored_process_cpu_percent_maximum,monitored_process_working_set_mb_median,monitored_process_working_set_mb_iqr,monitored_process_working_set_mb_maximum
S01-001-B2-V1,S01,B2,V1,0,Formal,34,855829,1.0,1.0,47.0,3816.6000000000004,54.32749999999987,3866.12,14501.98,76492.4425,6491390.3,0.0,40.74,691.64,95840.58499999999,6.3125,95844.28,0.11,0.11000000000000001,0.771,108.265,3.3900000000000006,110.79
S01-002-S3-V1,S01,S3,V1,1,Formal,34,1044545,1.5,2.0,53.0,3857.85,138.4024999999997,3980.91,12166.415,36628.2225,1074102.01,0.0,106.42500000000001,27192.27,95781.88500000001,0.3074999999953434,95782.1,0.165,0.111,0.551,106.17500000000001,0.8399999999999892,111.02
S01-003-S2-V1,S01,S2,V1,1,Formal,34,881784,2.0,2.0,26.0,3868.9849999999997,8.8449999999998,3920.49,12286.17,39315.08,617556.02,41.85,494.0825,4930.34,95780.44,0.5350000000034925,95780.97,0.165,0.111,0.417,105.13,0.7849999999999966,107.68
S01-004-B1-V1,S01,B1,V1,0,Formal,34,885619,2.0,1.0,35.0,3907.39,14.759999999999764,3918.67,12387.8,52588.92,544354.07,0.0,551.52,2669.97,95778.59,0.7074999999895226,95779.0,0.165,0.111,0.439,105.99000000000001,0.7450000000000188,110.33
S01-005-S1-V1,S01,S1,V1,1,Formal,34,949845,2.0,2.0,7.0,3888.955,7.362500000000182,3902.41,12249.41,43926.725,278937.42,0.0,286.01750000000004,33646.39,95777.11,0.2575000000069849,95777.34,0.11,0.11000000000000001,0.386,106.045,0.9350000000000023,109.75
S01-006-S2-V2,S01,S2,V2,1,Formal,34,915928,1.5,2.0,26.0,3896.79,38.257500000000164,3946.34,12169.23,60858.0475,1496814.41,0.0,527.355,10061.65,95775.92,0.21249999999417923,95776.23,0.165,0.16500000000000004,0.44,108.155,2.007499999999993,111.45
S01-007-B1-V2,S01,B1,V2,0,Formal,34,851074,1.0,1.0,30.0,3890.67,9.6875,3901.28,12197.994999999999,28422.9225,143969.05,84.505,337.7825,3646.66,95774.46,0.20749999998952262,95775.1,0.165,0.11,0.386,106.39,0.5999999999999943,110.72
S01-008-S3-V2,S01,S3,V2,1,Formal,34,1037459,2.0,2.0,6.0,3896.825,6.432499999999891,3902.38,10240.310000000001,32652.955,649835.44,0.0,220.745,20667.81,95773.375,0.2975000000005821,95773.62,0.11,0.11000000000000001,0.386,106.235,0.2650000000000148,108.51
S01-009-B3-V1,S01,B3,V1,0,Formal,34,927996,1.0,1.0,18.0,3913.6850000000004,25.840000000000146,3930.84,30714.765,110834.3075,498702.04,0.0,0.0,5528.2,95772.24,1.117499999993015,95775.32,0.165,0.11,0.385,106.32,0.07500000000000284,110.5
S01-010-B3-V2,S01,B3,V2,0,Formal,34,863799,1.5,1.0,29.0,3870.52,5.985000000000127,3899.33,6117.48,31487.465,222085.09,0.0,410.15,5166.0,95775.07,0.2674999999871943,95775.39,0.11,0.05500000000000001,0.55,106.07,0.769999999999996,108.2
S01-011-B2-V2,S01,B2,V2,0,Formal,34,845921,1.5,2.0,5.0,3894.855,19.55749999999989,3913.86,12195.74,63749.385,154502.21,0.0,136.12,1481.74,95774.04,0.3099999999976717,95774.29,0.11,0.154,0.44,105.74,0.41500000000000625,108.29
S01-012-S1-V2,S01,S1,V2,1,Formal,34,1007335,2.0,1.75,5.0,4023.125,74.63999999999987,4079.51,12245.52,38418.182499999995,815589.19,0.0,307.8,33551.65,95772.41,0.33749999999417923,95772.76,0.165,0.16500000000000004,0.604,106.28999999999999,0.7150000000000034,110.32
S02-001-B1-V1,S02,B1,V1,0,Formal,34,881066,2.0,2.0,23.0,4067.9300000000003,10.940000000000055,4076.98,12336.994999999999,67117.6975,287907.85,0.0,143.5025,1401.67,95845.1,0.7375000000029104,95845.44,0.11,0.11000000000000001,0.384,106.84,0.060000000000002274,110.13
S02-002-B2-V2,S02,B2,V2,0,Formal,34,875600,1.0,1.0,45.0,4042.25,103.26999999999998,4120.03,22462.699999999997,64342.267499999994,756785.19,0.0,142.255,3674.44,95843.025,0.27750000001105946,95843.85,0.11,0.114,0.385,105.25,0.3149999999999977,108.39
S02-003-B1-V2,S02,B1,V2,0,Formal,34,856780,2.0,2.0,18.0,3728.545,370.9050000000002,4098.12,8187.635,69224.615,344051.06,0.0,141.35999999999999,1656.81,95842.11,0.40499999998428393,95842.32,0.11,0.05500000000000001,0.331,94.39500000000001,13.319999999999993,111.38
S02-004-S2-V1,S02,S2,V1,1,Formal,34,899163,1.0,1.0,9.0,3729.96,18.257500000000164,3748.93,12211.845,46369.134999999995,205261.04,42.575,327.44,4939.09,95840.94,0.22999999999592546,95841.18,0.165,0.05600000000000001,0.497,92.57,0.3375000000000057,96.59
S02-005-S1-V2,S02,S1,V2,1,Formal,34,993077,1.0,1.0,8.0,3727.955,10.292500000000018,3769.23,12143.075,30278.4775,3238280.04,0.0,340.50750000000005,25301.91,95839.8,0.4250000000029104,95840.66,0.11,0.05600000000000001,0.441,93.5,2.8349999999999937,100.81
S02-006-S2-V2,S02,S2,V2,1,Formal,34,891770,1.0,2.0,13.0,3701.1,11.330000000000382,3713.38,12246.669999999998,27717.4725,109497.75,0.0,340.7575,5039.64,95840.2,1.6975000000093132,95840.55,0.11,0.164,0.331,93.045,1.6375000000000028,96.09
S02-007-S3-V2,S02,S3,V2,1,Formal,34,1073159,2.0,2.0,8.0,3724.71,106.38999999999987,3829.59,14338.43,72905.895,466074.02,61.17,1132.53,18996.46,95838.79,0.7600000000093132,95839.45,0.159,0.05600000000000001,0.331,92.805,0.5725000000000051,95.95
S02-008-B3-V1,S02,B3,V1,0,Formal,34,876069,2.0,1.0,32.0,3754.9300000000003,28.120000000000346,3779.62,14301.73,66894.62999999999,467823.37,0.0,337.3125,5172.03,95836.51,0.9550000000017462,95837.82,0.11,0.11000000000000001,0.385,92.725,0.9450000000000074,95.11
S02-009-B3-V2,S02,B3,V2,0,Formal,34,894257,1.0,2.0,29.0,3776.745,9.007500000000164,3811.09,14313.205,64819.91499999999,180407.64,0.0,143.74,7356.87,95834.435,0.3650000000052387,95834.73,0.165,0.16400000000000003,0.605,92.87,0.31750000000000966,98.17
S02-010-S1-V1,S02,S1,V1,1,Formal,34,971853,2.0,3.0,15.0,3795.7349999999997,28.612500000000182,3813.88,12260.39,73351.4275,1962298.25,120.47,932.3874999999999,32040.34,95833.46,0.3625000000029104,95833.93,0.165,0.16500000000000004,0.442,93.87,1.0974999999999966,98.0
S02-011-B2-V1,S02,B2,V1,0,Formal,34,909514,2.0,1.0,11.0,3801.1800000000003,12.815000000000055,3848.66,8089.925,45257.575,123210.03,0.0,317.7925,1107.37,95831.815,0.257499999992433,95832.2,0.11,0.166,0.439,92.99,0.8600000000000136,96.27
S02-012-S3-V1,S02,S3,V1,1,Formal,34,1050810,2.0,3.0,14.0,3836.035,13.512500000000273,3847.5,12259.235,57022.0475,237567.55,0.0,120.8575,13841.3,95830.86,0.1974999999947613,95831.13,0.165,0.11,0.33,93.195,1.3375000000000057,96.2
S03-001-S2-V1,S03,S2,V1,1,Formal,34,1064079,9.5,8.75,28.0,3140.81,52.69250000000011,3208.08,30547.52,61700.30999999999,52606183.26,4891.93,1336.205,7362.28,97352.405,1.632499999992433,97354.25,0.165,0.164,0.604,101.22999999999999,1.1399999999999864,105.49
S03-002-B2-V1,S03,B2,V1,0,Formal,34,963165,6.0,6.0,29.0,3102.625,155.65750000000025,3289.39,12190.795,41844.697499999995,1429305.17,4765.67,597.1300000000001,16700.71,97284.905,7.0974999999889405,97286.6,0.165,0.11,0.384,100.48,1.542500000000004,104.06
S03-003-S2-V2,S03,S2,V2,1,Formal,34,951118,5.0,5.75,60.0,3274.375,85.95000000000027,3301.11,16371.48,71186.7525,27750866.38,4258.5599999999995,946.3749999999995,9108.24,97274.82,2.334999999991851,97276.43,0.165,0.116,0.385,101.285,0.8100000000000023,104.23
S03-004-B3-V1,S03,B3,V1,0,Formal,34,872866,2.0,2.75,22.0,3269.1800000000003,11.362499999999727,3284.41,14273.8,96856.3425,3073419.52,0.0,308.6175,6154.48,97271.36499999999,0.8500000000058208,97272.58,0.11,0.165,0.441,100.83,0.33499999999999375,102.83
S03-005-B1-V1,S03,B1,V1,0,Formal,34,852468,2.0,1.0,13.0,3241.395,12.69000000000051,3256.88,12264.064999999999,68676.5,274176.91,0.0,0.0,1705.37,97267.595,0.33500000000640284,97268.0,0.11,0.11000000000000001,0.44,101.10499999999999,1.667500000000004,103.54
S03-006-B1-V2,S03,B1,V2,0,Formal,34,838207,1.0,1.0,23.0,3229.3050000000003,9.584999999999582,3247.15,0.0,16260.725,167389.49,0.0,294.64,3224.33,97266.43,0.33500000000640284,97266.78,0.165,0.09899999999999999,0.275,101.49,0.852499999999992,103.25
S03-007-B3-V2,S03,B3,V2,0,Formal,34,875312,2.0,1.75,26.0,3224.5150000000003,16.565000000000055,3249.52,12301.765,76853.60500000001,4199866.07,0.0,359.8375,5726.31,97272.72,3.6000000000058208,97274.61,0.11,0.11000000000000001,0.332,103.17,2.155000000000001,105.8
S03-008-S1-V1,S03,S1,V1,1,Formal,34,948907,2.0,1.0,13.0,3220.425,10.289999999999964,3230.06,2041.1,47936.4275,133866.11,0.0,142.795,34488.92,97273.5,0.28749999999126885,97273.67,0.11,0.11000000000000001,0.385,102.035,0.8674999999999926,105.03
S03-009-S3-V1,S03,S3,V1,1,Formal,34,1119559,1.0,1.0,12.0,3237.98,95.32499999999982,3329.83,12264.26,134015.3775,1265249.77,0.0,140.3525,22377.73,97271.63,2.0599999999976717,97273.18,0.11,0.11,0.496,104.545,2.4949999999999903,107.23
S03-010-S3-V2,S03,S3,V2,1,Formal,34,1051571,1.5,2.0,8.0,3289.61,16.014999999999873,3307.46,8197.745,79308.36,291854.76,0.0,487.425,13939.98,97268.85,0.3874999999970896,97269.12,0.111,0.05500000000000001,0.44,101.58500000000001,0.977499999999992,103.82
S03-011-B2-V2,S03,B2,V2,0,Formal,34,866832,1.0,1.0,13.0,3309.3,22.3449999999998,3318.1,12327.744999999999,83895.92,173656.5,0.0,127.85,3044.54,97267.54,0.36249999998835847,97267.88,0.165,0.05600000000000001,0.331,101.61500000000001,0.6200000000000045,104.8
S03-012-S1-V2,S03,S1,V2,1,Formal,34,913534,1.0,1.0,4.0,3308.05,11.210000000000036,3320.0,12224.470000000001,80359.85,244585.6,0.0,136.245,32360.68,97266.43,0.20249999999941792,97266.63,0.165,0.11000000000000001,0.331,100.59,0.28999999999999204,104.41
